Emoji; Designer Type; Description
🧠; Orchestrator;  Builds frameworks and connects dots across teams, systems, and ideas.
🔍; Researcher  Finds insight in history, data, and culture to deepen every decision.
🎨; Multidisciplinary; Blends tools and disciplines fluidly — always evolving, never boxed in.
📢; Advocate;  Uses design as a tool for impact, equity, and industry change.
💡; Idealist;  Imagines a better design world — ethical, accessible, and sustainable.
🤝; Connector; Bridges gaps between people, disciplines, and ways of thinking.
🧪; Experimentalist Pushes form, function, and tools to expand what design can be.
⚡️  Disruptor; Challenges norms and reinvents creative paths from the inside out.
🎬; Director;  Leads creative vision and execution — aligning teams to deliver clarity.
🪄; Educator;  Shares knowledge and mentors others to grow the field of design.
🧭; Generalist  Adapts across roles and industries, thriving on variety and versatility.
🎲; Improviser  Works fast and intuitively, solving problems on the fly with creative instinct.
